from,to,layer
Crosp1,Brapic,EFN
Charam,Camruf,Visita
Crosp1,Camruf,EFN
Charam,Ceppus,Visita
Charam,Ceppus,Visita
Charam,Ceppus,Visita
Crosp1,Ceppus,EFN
Crosp1,Ceppus,EFN
Velniv,Ceppus,Visita
Charam,Psepal,EFN
Charam,Bracor,Visita
Lamsp1,Bracor,Visita
Symret,Bracor,Visita
Symret,Bracor,Visita
Velniv,Bracor,Visita
Charam,Camtra,EFN
Velniv,Camtra,Visita
Banang,Camwes,Visita
Byrsp1,Camwes,Visita
Lamsp1,Camwes,Visita
Symret,Camwes,Flor
Symret,Camwes,Visita
Symret,Camwes,Visita
Oursem,Ceppus,Visita
Velniv,Ceppus,Visita
Symret,Dorgoe,Tropho
Baccon,Camcra,Visita
Baccon,Camtra,Visita
Baccon,Camtra,Visita
Baccon,Camruf,Visita
Baccon,Ceppus,Visita
Baccon,Ceppus,Visita
Baccon,Ceppus,Visita
Velniv,Psepal,Visita
Chades,Bracor,Visita
Cuperi,Camruf,Visita
Hypsp1,Camvit,Visita
Aspjol,Bracor,Visita
Aspjol,Bracor,Visita
Symret,Bracor,Visita
Velala,Bracor,Tropho
Velala,Bracor,Visita
Symret,Bracor,Flor
Velcor,Camcra,Visita
Symret,Camtra,Flor
Symret,Camtra,Visita
Barfla,Camruf,Visita
Symret,Linmic,Flor
Symret,Linsp1,Flor
Aspjol,Camruf,Tropho
Aspjol,Bracor,Visita
Aspjol,Bracor,Flor
Byrsp1,Bracor,Visita
Gaymon,Bracor,Visita
Myrmon,Bracor,EFN
Charam,Ceppus,Visita
Crosp1,Ceppus,EFN
Mikita,Ceppus,Visita
Barfla,Ceppus,Visita
Crosp1,Ceppus,EFN
Crosp1,Ceppus,EFN
Velniv,Brapic,Visita
Velniv,Camwes,Visita
Lavcon,Ceppus,Visita
Myrmon,Ceppus,Visita
Velniv,Ceppus,Visita
Tetmic,Camcra,EFN
Barfla,Ceppus,Visita
Velcor,Psepal,Visita
Crosp1,Ceppus,Visita
Kiepet,Ceppus,Visita
Mikita,Ceppus,Flor
Crosp1,Brapic,EFN
Crosp1,Ceppus,EFN
Phicip,Bracor,EFN
Phicip,Bracor,EFN
Phicip,Bracor,EFN
Myrmon,Bracor,EFN
Quacor,Bracor,Visita
Velala,Bracor,Visita
Byrsp1,Camruf,Flor
Byrvar,Camruf,Visita
Byrvar,Camruf,Fruta
Palrig,Bracor,Flor
Vocthy,Camruf,Visita
Baccon,Ceppus,Visita
Chapap,Ceppus,Visita
Chapap,Ceppus,Visita
Chapap,Ceppus,EFN
Chapap,Ceppus,Visita
Chapap,Ceppus,EFN
Chapap,Ceppus,Visita
Chrsp1,Ceppus,Visita
Cocacr,Ceppus,Visita
Cuperi,Ceppus,Visita
Diomel,Ceppus,Flor
Erycam,Ceppus,Visita
Hypsp1,Ceppus,Visita
Hypsp1,Ceppus,Visita
Palrig,Ceppus,Flor
Palrig,Ceppus,Flor
Symret,Ceppus,Visita
Symret,Ceppus,Visita
Symret,Ceppus,Visita
Vocthy,Ceppus,Visita
Chapap,Psegra,Visita
Cuperi,Psegra,Visita
Hypsp1,Psepal,Visita
Myrmon,Camruf,Visita
Syagla,Camruf,Visita
Aspjol,Ceppus,Visita
Aspjol,Ceppus,Visita
Myrmon,Brasp1,Visita
Tetmic,Brasp1,Flor
Barfla,Cambla,Visita
Davell,Cambla,Visita
Tetmic,Cambla,EFN
Velcor,Cambla,Visita
Velcor,Cambla,Visita
Guanox,Camcra,Visita
Lycrup,Camcra,Visita
Myrmon,Camcra,Visita
Tricip,Camcra,Visita
Velcor,Camcra,Visita
Velcor,Camcra,Visita
Velcor,Camcra,Visita
Velalo,Camcra,Visita
Vocthy,Camcra,Visita
Baccon,Camtra,Visita
Crosp1,Camtra,EFN
Crosp1,Camtra,Visita
Lycrup,Camtra,Visita
Tetmic,Camtra,Flor
Tetmic,Camtra,EFN
Tetmic,Camtra,EFN
Myrmon,Ceppus,Visita
Neethe,Ceppus,Visita
Neethe,Ceppus,Visita
Paevel,Ceppus,Visita
Syagla,Ceppus,Visita
Tricip,Ceppus,Visita
Velcor,Ceppus,Visita
Velcor,Ceppus,Visita
Velcor,Ceppus,Visita
Crosp1,Ecttub,EFN
Sabbra,Ecttub,Visita
Tetmic,Ecttub,EFN
Aspjol,Ceppus,Tropho
Lipsp1,Ceppus,Visita
Myrmon,Ceppus,Visita
Myrmon,Ceppus,EFN
Myrmon,Ceppus,Visita
Myrmon,Ceppus,EFN
Syagla,Ceppus,Visita
Symret,Ceppus,Visita
Symret,Ceppus,Visita
Symret,Ceppus,Visita
Gaymon,Phetri,Visita
Gaymon,Phetri,Visita
Chapap,Bracor,Visita
Chapap,Bracor,EFN
Davell,Bracor,Visita
Davell,Brapic,Visita
Chapap,Psepal,Visita
Chacip,Bracor,Visita
Chapap,Bracor,Visita
Chapap,Bracor,EFN
Chapap,Bracor,Visita
Chapap,Bracor,Visita
Chapap,Bracor,EFN
Myrmon,Bracor,EFN
Myrmon,Bracor,EFN
Sapgla,Bracor,Visita
Chapap,Camcra,EFN
Aspjol,Psepal,Visita
Aspjol,Psepal,Visita
Myrmon,Psepal,EFN
Velala,Psepal,Visita
Byrsp1,Camruf,Flor
Aspjol,Ceppus,Visita
Barfla,Ceppus,Visita
Barfla,Ceppus,Visita
Byrsp1,Ceppus,Tropho
Cuperi,Ceppus,Visita
Camcor,Camruf,Visita
Byrsp1,Ceppus,Visita
Chapap,Ceppus,EFN
Oursem,Ceppus,Visita
Remfer,Ceppus,Visita
Chapap,Psepal,EFN
Velniv,Brapic,Visita
Symret,Linmic,Visita
Velniv,Linmic,Visita
Barfla,Bracor,Visita
Velala,Bracor,Visita
Barfla,Dorsp1,Visita
Barfla,Brapic,Visita
Erycam,Brapic,Visita
Melsp1,Brapic,Flor
sp1,Brapic,Visita
sp1,Brapic,Tropho
Velniv,Brapic,Visita
Barfla,Camcra,Visita
Barfla,Camcra,Visita
Byrvar,Camcra,Fruta
Charam,Camcra,Visita
Charam,Camcra,EFN
Lycram,Camcra,Visita
Mikita,Camcra,Tropho
Myrmon,Camcra,Visita
Myrmon,Camcra,EFN
Velala,Camcra,Visita
Velniv,Camcra,Visita
Vocthy,Camcra,Visita
Barfla,Camwes,Visita
Myrmon,Cepedu,Visita
Myrmon,Cepedu,EFN
Barfla,Ceppus,Visita
Barfla,Ceppus,Visita
Myrsp1,Ceppus,Visita
Velniv,Ceppus,Visita
Micfer,Creere,Tropho
Peitom,Ecttub,EFN
Peitom,Ecttub,Visita
Byrsp1,Phetri,Tropho
Biocor,Psepal,Visita
Charam,Psepal,Visita
Lycram,Psepal,Visita
sp1,Wasaur,Flor
Byrsp1,Camruf,Flor
Byrsp1,Ceppus,Visita
Byrsp1,Ceppus,Flor
Syagla,Ceppus,Visita
Symret,Ceppus,Visita
Symret,Ceppus,Visita
Baccon,Bracor,Flor
Baccon,Bracor,Flor
Baccon,Bracor,Flor
Roumon,Bracor,Visita
Symret,Bracor,Visita
Barfla,Ceppus,Visita
Velniv,Bracor,Visita
Velniv,Bracor,Visita
Velniv,Brapic,Visita
Velniv,Brapic,Visita
Velniv,Camcra,Fruta
Symret,Camwes,Visita
Velniv,Phetri,Visita
Cuperi,Camruf,Visita
Baccon,Dorsp2,Flor
Baccon,Dorsp2,Flor
Chapap,Bracor,Visita
Chapap,Bracor,EFN
Myrmon,Bracor,Visita
Sapgla,Brasp1,Visita
Byrsp1,Camruf,Flor
Myrmon,Dorsp2,Visita
Myrmon,Dorsp2,Visita
Chapap,Dorsp1,Visita
Myrmon,Psepal,Visita
Chades,Ceppus,EFN
Mikita,Ceppus,Flor
Oursem,Ceppus,Visita
Erihyp,Bracor,Visita
Crosp1,Ceppus,EFN
Crosp1,Ceppus,Visita
Barfla,Psepal,Visita
Mikita,Bracor,Flor
Symret,Camtra,Visita
Symret,Camwes,Visita
Kiepet,Camley,Visita
Byrsp1,Ceppus,Visita
Byrsp1,Ceppus,Visita
Oursem,Ceppus,Visita
Oursem,Ceppus,Visita
Lavsp1,Psepal,Visita
Symret,Bracor,EFN
Velala,Bracor,Visita
Velala,Camruf,Visita
Barfla,Dorsp1,Visita
Velala,Bracor,Visita
Byrsp1,Camruf,Flor
Quacor,Camruf,Visita
Diporb,Dorsp2,Visita
Aspjol,Ceppus,Visita
Aspjol,Ceppus,Visita
Aspjol,Ceppus,Visita
Crosp1,Psepal,EFN
Camcor,Ceppus,Visita
Chacip,Ceppus,Visita
Crosp1,Ceppus,EFN
Crosp1,Ceppus,Visita
Symret,Ceppus,EFN
Velniv,Brapic,Visita
Velniv,Psepal,Visita
Gaymon,Ceppus,Visita
Gaymon,Ceppus,Flor
Barfla,Camcra,Visita
Symret,Ceppus,EFN
Crosp1,Ceppus,EFN
Camcor,Camruf,EFN
Barfla,Ceppus,Visita
Symret,Ceppus,EFN
Phicip,Bracor,Visita
Phicip,Bracor,Visita
Phicip,Brapic,Visita
Phicip,Camcra,Visita
Pilcip,Camcra,Visita
Lipsp1,Ceppus,Visita
Myrmon,Ceppus,EFN
Myrmon,Ceppus,EFN
Myrmon,Ceppus,EFN
Baccon,Ceppus,Visita
Chapap,Ceppus,EFN
Chapap,Ceppus,EFN
Chapap,Ceppus,Visita
Cocacr,Ceppus,Visita
Erycam,Ceppus,Visita
Lamsp1,Ceppus,Visita
Palrig,Ceppus,Visita
Syagla,Ceppus,Visita
Symret,Ceppus,EFN
Velcor,Attlae,Visita
Crosp1,Brapic,EFN
Oursem,Brapic,Tropho
Neethe,Ceppus,Visita
Neethe,Ceppus,Visita
Velcor,Ceppus,Visita
Tetmic,Phetri,Visita
Symret,Ceppus,Visita
Symret,Ceppus,EFN
Symret,Ceppus,EFN
Baccon,Bracor,Visita
Dasret,Bracor,Visita
Davell,Camruf,Visita
Roumon,Camruf,Visita
Chapap,Bracor,EFN
Chapap,Bracor,EFN
Sapgla,Bracor,Visita
Byrsp1,Brapic,Fruta
Chapap,Brapic,EFN
Chapap,Brapic,EFN
Byrsp1,Camruf,Fruta
Byrsp1,Camruf,Fruta
Byrsp1,Camruf,Flor
Sapgla,Dorsp1,Visita
Chapap,Camruf,Visita
Barfla,Ceppus,Visita
Chapap,Ceppus,EFN
Velniv,Brapic,Visita
Symret,Ceppus,Visita
Myrmon,Linmic,Visita
Myrmon,Psepal,Visita
Velala,Psepal,Visita
Oursem,Brapic,Tropho
Palrig,Bracor,Visita
Peitom,Brapic,EFN
Barfla,Camcra,Visita
Byrvar,Camcra,Visita
Chapap,Camcra,EFN
Chapap,Camcra,Visita
Vocthy,Camcra,Tropho
Vocthy,Camcra,Visita
Barfla,Ceppus,Visita
Barfla,Ceppus,Visita
Ruevil,Ceppus,Visita
Syagla,Ceppus,Visita
Velala,Ceppus,Visita
Melsp1,Psepal,Visita
Oursem,Camruf,Tropho
Barfla,Ceppus,Visita
Barfla,Ceppus,Visita
Barfla,Ceppus,Visita
Barfla,Pseter,Visita
Velniv,Bracor,Visita
Velniv,Bracor,Visita
Symret,Camwes,Visita
Barfla,Bracor,Visita
Lipflo,Bracor,Visita
Myrmon,Bracor,EFN
Symret,Bracor,EFN
Velala,Bracor,Visita
Myrmon,Bracor,EFN
Symret,Brapic,EFN
Erycam,Camruf,Visita
Syagla,Camruf,Tropho
Chapap,Brapic,Visita
Aspjol,Camruf,Tropho
Banang,Brapic,EFN
Banang,Brapic,Visita
Oursem,Brapic,Visita
Symret,Brapic,Visita
Symret,Camwes,Visita
Symret,Camwes,Visita
Mikita,Ceppus,Visita
Peitom,Ceppus,EFN
Syagla,Ceppus,Visita
Symret,Psepal,Visita
Baccon,Brapic,Flor
Baccon,Camtra,Flor
Velcor,Camtra,Visita
Baccon,Ceppus,Flor
Baccon,Ceppus,Flor
Velcor,Ceppus,Visita
Velniv,Ceppus,Visita
Velniv,Creere,Visita
Baccon,Psepal,Flor
Velniv,Psepal,Visita
Myrmon,Ceppus,Visita
Symret,Ceppus,EFN
Baccon,Bracor,EFN
Roumon,Bracor,Visita
Symret,Bracor,EFN
Chacip,Camruf,Visita
Vocthy,Camruf,Visita
Symret,Camtra,EFN
Vocthy,Camruf,Visita
Baccon,Dorgoe,EFN
Byrsp1,Bracor,Visita
Chapap,Bracor,EFN
Chapap,Bracor,EFN
Bersim,Camruf,EFN
Erihyp,Camwes,Visita
Velniv,Camwes,Visita
Myrmon,Camruf,Visita
Myrmon,Ceppus,Visita
Myrmon,Psepal,Visita
Decdel,Camcra,Flor
Tetmic,Camcra,Visita
Byrsp1,Camruf,Visita
Aspjol,Ceppus,Flor
Aspjol,Ceppus,Flor
Aspjol,Ceppus,Visita
Bersim,Ceppus,EFN
Chapap,Ceppus,Visita
Paevel,Ceppus,Visita
Bersim,Camruf,EFN
Syagla,Camruf,Visita
Syagla,Camruf,Visita
Baccon,Ceppus,Flor
Baccon,Ceppus,Flor
Chapap,Ceppus,EFN
Phicip,Brapic,Visita
Phicip,Camcra,Visita
Myrmon,Bracor,EFN
Myrmon,Bracor,EFN
Myrsp1,Bracor,Visita
Sapgla,Bracor,EFN
Myrmon,Brasp1,EFN
Chapap,Phetri,EFN
Aspjol,Ceppus,Visita
Baccon,Ceppus,Visita
Chapap,Ceppus,EFN
Chapap,Ceppus,Visita
Cocacr,Ceppus,Visita
Cocacr,Ceppus,Visita
Cocacr,Ceppus,Visita
Cuperi,Ceppus,Visita
Cuperi,Ceppus,Visita
Diomel,Ceppus,Visita
Hypsp1,Ceppus,Visita
Hypsp1,Ceppus,Visita
Mikita,Ceppus,Visita
Tetmic,Ceppus,Visita
Vocthy,Ceppus,Visita
Sapgla,Phetri,EFN
Chapap,Psepal,EFN
Chapap,Psepal,EFN
Myrmon,Psepal,EFN
Sapgla,Psepal,EFN
Myrmon,Dorsp2,Visita
Chapap,Camcra,Visita
Guanox,Camcra,Visita
Mikita,Camcra,Visita
Myrsp1,Camcra,Visita
Neethe,Camcra,Tropho
Paevel,Camcra,Visita
Tetmic,Camcra,Visita
Velcor,Camcra,Visita
Velcor,Camcra,Visita
Velalo,Camcra,Visita
Baccon,Camtra,Flor
Velcor,Camtra,Visita
Echsch,Ceppus,Visita
Paevel,Ceppus,Visita
Velcor,Ceppus,Visita
Baccon,Ecttub,Tropho
Crosp1,Ecttub,Visita
Crosp1,Ecttub,Visita
Chapap,Phetri,Visita
Davell,Phetri,Visita
Tricip,Ceppus,Visita
Aspjol,Camtra,Visita
Aspjol,Camruf,Tropho
Dalmis,Camruf,Visita
Chapap,Camruf,EFN
Barfla,Ceppus,Visita
Chapap,Ceppus,EFN
Diporb,Ceppus,Flor
Chapap,Linmic,EFN
Mikneu,Linmic,EFN
Velcor,Linmic,Visita
Velniv,Brapic,Visita
Velniv,Brapic,Visita
Symret,Camwes,EFN
Symret,Camruf,Visita
Symret,Ceppus,EFN
Peitom,Ectede,EFN
Peitom,Ectede,Visita
Velniv,Bracor,Visita
Barfla,Camcra,Visita
Barfla,Camcra,Visita
Barfla,Camcra,Visita
Biocor,Camcra,EFN
Byrsp1,Camcra,Visita
Byrsp1,Camcra,Visita
Byrvar,Camcra,Flor
Dasret,Camcra,Tropho
Lipsp1,Camcra,Visita
Lycram,Camcra,Visita
Mikita,Camcra,Visita
Myrmon,Camcra,Visita
Vocthy,Camcra,Tropho
Vocthy,Camcra,Visita
Barfla,Ceppus,Visita
Byrsp1,Ceppus,Flor
Cuperi,Ceppus,Flor
Lipsp1,Ceppus,Visita
Lycram,Ceppus,Visita
Myrmon,Ceppus,Visita
Myrmon,Ceppus,Tropho
Myrsp1,Ceppus,Tropho
Myrsp1,Ceppus,Tropho
Myrsp1,Ceppus,Visita
Byrsp1,Pheoxy,Flor
Syagla,Camruf,Visita
Syagla,Camruf,Visita
Aspjol,Ceppus,Tropho
Velniv,Brapic,Visita
Symret,Camwes,Tropho
Symret,Camruf,Tropho
Baccon,Ceppus,Flor
Bersim,Ceppus,EFN
Oursem,Brapic,Visita
Peitom,Brapic,EFN
Peitom,Brapic,EFN
Banang,Camtra,Visita
Byrsp1,Camtra,Visita
Trelan,Camtra,Visita
Peitom,Camruf,Visita
Syagla,Camruf,Visita
Oursem,Camley,Visita
Symret,Camley,Tropho
Banang,Ceppus,EFN
Oursem,Ceppus,Visita
Oursem,Ceppus,Visita
Peitom,Ceppus,Visita
Peitom,Ceppus,EFN
Syagla,Ceppus,Visita
Syagla,Ceppus,Visita
Vocthy,Ceppus,Visita
Vocthy,Nesspi,Visita
Banang,Psepal,EFN
Banang,Psepal,EFN
Banang,Psepal,Visita
Symret,Psepal,Visita
Baccon,Camtra,Visita
Barfla,Dorsp2,Visita
Bancam,Linsp1,EFN
Bancam,Linsp1,Tropho
Chapap,Ceppus,EFN
Chrsp1,Ceppus,Visita
Syagla,Ceppus,Visita
Erihyp,Bracor,Visita
Lavcon,Camwes,Visita
Myrmon,Camwes,EFN
Velniv,Ceppus,Visita
Vocthy,Dorsp1,Flor
Decdel,Bracor,Flor
Decdel,Bracor,Flor
Velcor,Bracor,Flor
Barfla,Camcra,Visita
Decdel,Camcra,Flor
Syagla,Ceppus,Visita
Bersim,Camtra,EFN
Paevel,Camtra,Visita
Chapap,Camruf,EFN
Paevel,Camruf,Visita
Peitom,Camruf,EFN
Bersim,Ceppus,EFN
Chapap,Ceppus,EFN
Paevel,Ceppus,Visita
Peitom,Ceppus,EFN
Syagla,Ceppus,Visita
Tetmic,Ceppus,EFN
Tetmic,Ceppus,EFN
Phicip,Bracor,Visita
Phicip,Camcra,Visita
Phicip,Camcra,Visita
Phicip,Camcra,Visita
Velnan,Camcra,Visita
Phicip,Camruf,Visita
Velnan,Camruf,Visita
Chapap,Camruf,EFN
Vocthy,Camruf,Visita
Chapap,Ceppus,EFN
Chapap,Ceppus,EFN
Chapap,Ceppus,EFN
Cocacr,Ceppus,Visita
Guanox,Brapic,Visita
Tricip,Brapic,Flor
Davell,Cambla,Visita
Kiereg,Cambla,Visita
Tetmic,Cambla,Flor
Tetmic,Cambla,EFN
Velcor,Cambla,Visita
Velcor,Cambla,Visita
Chapap,Camcra,EFN
Chapap,Camcra,Visita
Myrmon,Camcra,EFN
Neethe,Camcra,Visita
Tetmic,Camcra,Flor
Tetmic,Camcra,EFN
Tetmic,Camcra,EFN
Velcor,Camcra,Visita
Baccon,Camtra,EFN
Crosp1,Camtra,EFN
Crosp1,Camtra,EFN
Diporb,Camtra,Visita
Diporb,Camtra,Visita
Neethe,Camtra,Visita
Tetmic,Camtra,EFN
Velcor,Camtra,Visita
Velcor,Camruf,Visita
Neethe,Ceppus,Visita
Neethe,Ceppus,Visita
Velcor,Ceppus,Visita
Velcor,Ceppus,Visita
Erycam,Ecttub,Visita
Tricip,Ecttub,Visita
Chapap,Phetri,EFN
Barfla,Camruf,Visita
Byrsp1,Ceppus,Visita
Chapap,Ceppus,EFN
Symret,Camwes,EFN
Vocthy,Camwes,Visita
Peitom,Bracor,EFN
Barfla,Camcra,Visita
Barfla,Camcra,Visita
Barfla,Camcra,Visita
Coccer,Camcra,Visita
Barfla,Ceppus,Visita
Velniv,Bracor,Visita
Velniv,Bracor,Visita
Velniv,Bracor,Visita
Symret,Camwes,Tropho
Velniv,Camwes,Visita
Symret,Camruf,Tropho
Velniv,Camruf,Visita
Hypsp1,Linmic,Visita
Baccon,Crecri,Visita
Remfer,Camruf,Visita
Baccon,Camley,Visita
Byrsp1,Ceppus,Tropho
Byrvar,Ceppus,Visita
Velalo,Psepal,Visita
Banang,Brapic,Visita
Tibcar,Brapic,Flor
Lavcor,Camley,Tropho
Luxsch,Ceppus,Flor
Tibcar,Ceppus,Flor
Trelan,Ceppus,Visita
Lycram,Bracor,Visita
Myrmon,Bracor,EFN
Tetmic,Bracor,EFN
Velcor,Bracor,Visita
Velcor,Brapic,Visita
Velcor,Camruf,Visita
Baccon,Ceppus,Visita
Myrmon,Ceppus,EFN
Spisel,Ceppus,Visita
Leswar,Brapic,Visita
Baccon,Camruf,Visita
Micfer,Camruf,Tropho
Baccon,Camley,Visita
Remfer,Camley,Flor
Symret,Camley,Flor
Lycram,Ceppus,Visita
Lycram,Ceppus,Visita
Micfer,Ceppus,Tropho
Remfer,Ceppus,Visita
Tetmic,Ceppus,EFN
Velcor,Ceppus,Visita
Remfer,Dorgoe,Visita
Remfer,Nesspi,Visita
Lycram,Phetri,Visita
Baccon,Psepal,Visita
Symret,Ceppus,Visita
Dalmis,Camruf,Visita
Baccon,Camruf,Visita
Baccon,Camruf,Visita
Remfer,Ceppus,Visita
Remfer,Ceppus,Fruta
Trelan,Ceppus,Visita
Trelan,Ceppus,Visita
Peitom,Bracor,EFN
Baccon,Ceppus,Visita
Baccon,Ceppus,Flor
Symret,Ceppus,Tropho
Tetmic,Ceppus,Visita
Micfer,Camruf,Tropho
Baccon,Ceppus,Visita
Baccon,Ceppus,Visita
Lycram,Ceppus,Visita
Micfer,Ceppus,Tropho
Mikita,Ceppus,Visita
Remfer,Ceppus,Visita
Micful,Dorsp2,Visita
Velcor,Nesspi,Visita
Baccon,Camruf,Tropho
Byrsp1,Ceppus,Visita
Mikita,Ceppus,Visita
Vocthy,Ceppus,Visita
Kiepet,Ceppus,Visita
Lycram,Ceppus,Visita
Remfer,Ceppus,Tropho
Velniv,Ceppus,Visita
Barfla,Psepal,Visita
Crosp1,Psepal,EFN
Crosp1,Psepal,EFN
Velniv,Psepal,Visita
Velniv,Psepal,Visita
Byrsp1,Ceppus,Visita
Crosp1,Ceppus,EFN
Velniv,Ceppus,Visita
Velniv,Ceppus,Visita
Remfer,Ceppus,Visita
Remfer,Ceppus,Fruta
Remfer,Ceppus,Visita
Crosp1,Phetri,EFN
Myrmon,Camley,EFN
Micfer,Camruf,Tropho
Micful,Camruf,Visita
Trelan,Camruf,Visita
Baccon,Ceppus,Visita
Byrsp1,Ceppus,Visita
Velniv,Phetri,Visita
Barfla,Ceppus,Visita
Micfer,Ceppus,Tropho
Mikita,Ceppus,Visita
Remfer,Ceppus,Visita
Tricip,Ceppus,Visita
Baccon,Psepal,Visita
Symret,Brapic,EFN
Symret,Ceppus,EFN
Vocthy,Ceppus,Flor
Lycram,Camruf,Visita
Lycram,Camruf,Visita
Vocthy,Camruf,Visita
Byrsp1,Ceppus,Visita
Lycram,Camley,Flor
Crosp1,Ceppus,EFN
Velniv,Ceppus,Visita
Camcor,Brapic,EFN
Dalmis,Ceppus,Visita
Velniv,Nessp1,Visita
Crosp1,Phetri,EFN
Crosp1,Phetri,EFN
Lycram,Ceppus,Visita
Lycram,Ceppus,Visita
Lycram,Ceppus,Visita
Lycram,Ceppus,Visita
Tetmic,Ceppus,EFN
Symret,Camley,EFN
Tetmic,Camley,Flor
Baccon,Camtra,Visita
Lycram,Camruf,Visita
Micfer,Camruf,Tropho
Micful,Camruf,Visita
Tetmic,Camruf,EFN
Micfer,Ceppus,Tropho
Mikita,Ceppus,Visita
Tetmic,Ceppus,EFN
Velcor,Ceppus,Visita
Velniv,Pheoxy,Visita
Barfla,Ceppus,Visita
Pseang,Camtra,Flor
Barfla,Ceppus,Visita
Barfla,Ceppus,Visita
Barfla,Camtra,Visita
Dalmis,Camruf,Visita
Mikita,Camruf,Flor
Byrvar,Camtra,Visita
Paevel,Ceppus,Visita
